id,nom,prenom,mail,code_postal,competences,collegues_employes,collegues_chercheur_d'emploi
1,Duck,Donald,donal.duck@canardville.gov,77700,comedie;gag,,4
2,Pignon,Francois,pignouf@gmail.com,75020,C;SQL;Python,2,
3,Test2,Jorges2,jorges2.test2@test.com,77777,Anglais,,3
4,onsepatro,mister,mronsepatro@gmail.com,69420,test;test2;SQL,2,5;1;3
5,Mouse,Mickey,mickey@mickeyville.gov,77700,comedie,,6;4
6,Mouse,Minnie,minnie@mickeyville.gov,77700,comedie;chant,,5